Mask,Mask_Chin,Mask_Mouth_Chin,Mask_Nose_Mouth
0.5045112781954887,,,
0.03383458646616541,,,
0.418796992481203,,,
0.04285714285714286,,,
