Mask,Mask_Chin,Mask_Mouth_Chin,Mask_Nose_Mouth
0.594,,0.23333333333333334,
0.02,,0.07575757575757576,
0.339,,0.6606060606060606,
0.047,,0.030303030303030304,
